{"00": {"0": 0, "1": 0, "2": 0}, "01": {"0": 0, "1": 0, "2": 0}, "02": {"0": 0, "1": 0, "2": 0}, "03": {"0": 0, "1": 0, "2": 0}, "04": {"0": 0, "1": 0, "2": 0}, "05": {"0": 0, "1": 0, "2": 0}, "06": {"0": 0, "1": 0, "2": 0}, "07": {"0": 0, "1": 0, "2": 0}, "08": {"0": 0, "1": 0, "2": 0}, "09": {"0": 0, "1": 0, "2": 0}, "10": {"0": 0, "1": 0, "2": 0}, "11": {"0": -44.28441954806882, "1": -45.54455114675255, "2": -44.47593341079898}, "12": {"0": -60.47958075856955, "1": -60.500397177771205, "2": -60.50676686068073}, "13": {"0": -61.124037799485976, "1": -61.16347298055352, "2": -61.08642399224136}, "14": {"0": -60.70968569458449, "1": -60.72398192940287, "2": -60.73560038663297}, "15": {"0": -60.581106333216866, "1": -60.66891603214336, "2": -60.51559659977157}, "16": {"0": -59.77729519943303, "1": -59.567789552802246, "2": -59.48056050685147}, "17": {"0": -57.5538016876294, "1": -57.67779046113646, "2": -57.57749691960594}, "18": {"0": 0, "1": 0, "2": 0}, "19": {"0": 0, "1": 0, "2": 0}, "20": {"0": 0, "1": 0, "2": 0}, "21": {"0": -55.67407797166698, "1": -56.136684600397366, "2": -55.476399419486285}, "22": {"0": -61.435239888324, "1": -61.65288294789944, "2": -61.65881530151061}, "23": {"0": -62.932161383394565, "1": -62.84100450473306, "2": -63.11692790839575}, "24": {"0": -65.0199071969628, "1": -64.52868032243448, "2": -64.88272151986797}, "25": {"0": -66.04689257299057, "1": -66.29593366544188, "2": -66.21032940227553}, "26": {"0": -63.78944545888271, "1": -63.70046520264496, "2": -62.723389424688044}, "27": {"0": -58.75138307457409, "1": -58.42256301674155, "2": -58.41644555021129}, "28": {"0": -57.644783581608266, "1": -57.779800477104445, "2": -57.71009761964186}, "29": {"0": 0, "1": 0, "2": 0}, "30": {"0": 0, "1": 0, "2": 0}, "31": {"0": -57.22064288814017, "1": -58.08468290108523, "2": -57.622968592228}, "32": {"0": -63.42282412379563, "1": -63.55676013955466, "2": -63.72623320799174}, "33": {"0": -66.73159307856959, "1": -67.26627929454995, "2": -67.36726966142437}, "34": {"0": -74.27995599883266, "1": -74.2804553345088, "2": -74.4215092571956}, "35": {"0": -77.1903807548969, "1": -77.00319301062734, "2": -76.58604647966898}, "36": {"0": -73.12377299837557, "1": -73.42324672542573, "2": -72.67606758483147}, "37": {"0": -63.782952172185745, "1": -63.832273085928335, "2": -63.8299227072895}, "38": {"0": -59.9426115907583, "1": -59.97560212407445, "2": -59.94387103047367}, "39": {"0": -43.81996832867273, "1": -43.89729243272238, "2": -43.922906683320875}, "40": {"0": 0, "1": 0, "2": 0}, "41": {"0": -56.69042849864273, "1": -56.76069742373726, "2": -56.853000413804544}, "42": {"0": -61.608206260197484, "1": -62.83447496419251, "2": -63.27223639594218}, "43": {"0": -67.54524865333417, "1": -68.36733432805374, "2": -68.97247482917652}, "44": {"0": -75.47075750853148, "1": -76.00702763733128, "2": -76.59760394610028}, "45": {"0": -82.04968483298842, "1": -82.98384389386634, "2": -82.97361715894175}, "46": {"0": -78.66286468323207, "1": -78.30132658555125, "2": -77.58882893874792}, "47": {"0": -70.43524534494816, "1": -68.59248697622232, "2": -67.18311904474955}, "48": {"0": -59.803175350810704, "1": -59.62817815873839, "2": -59.29189178674961}, "49": {"0": -46.990517520639095, "1": -45.78575853494618, "2": -45.14454689040636}, "50": {"0": 0, "1": 0, "2": 0}, "51": {"0": -52.30776756962787, "1": -52.74429773071554, "2": -52.13953349469839}, "52": {"0": -57.842105769072475, "1": -59.792597456674564, "2": -61.710675153974}, "53": {"0": -66.59420411670332, "1": -66.56654462786749, "2": -66.966834111626}, "54": {"0": -71.11527795056573, "1": -71.93386782925835, "2": -72.3269518133077}, "55": {"0": -76.7983698218031, "1": -75.52504727517594, "2": -77.12153626461898}, "56": {"0": -75.78057046743949, "1": -74.58197922842064, "2": -74.83864356650824}, "57": {"0": -67.25625121017958, "1": -66.84668564654454, "2": -67.5633311842074}, "58": {"0": -59.06109400439157, "1": -59.08847844011926, "2": -57.911471350410714}, "59": {"0": -45.14037620226412, "1": -44.49286571035095, "2": -44.11333421012783}, "60": {"0": 0, "1": 0, "2": 0}, "61": {"0": -20.487285207752045, "1": -19.374505668672533, "2": -19.814436851873342}, "62": {"0": -60.01484076533455, "1": -60.67333767407963, "2": -61.283510640025156}, "63": {"0": -63.050154513301976, "1": -63.47487704107547, "2": -63.419123502480815}, "64": {"0": -67.19709126213664, "1": -67.22399302543656, "2": -67.22134081901662}, "65": {"0": -67.94919708077502, "1": -68.27370824198542, "2": -67.9995846006103}, "66": {"0": -65.71036552068266, "1": -66.39970103466872, "2": -66.14315568427598}, "67": {"0": -59.17758525273503, "1": -59.1604403293452, "2": -58.92250925952505}, "68": {"0": -56.65685745291138, "1": -56.659631499600486, "2": -54.04029741568427}, "69": {"0": -41.5036619054816, "1": -41.13223461942238, "2": -37.812091688509476}, "70": {"0": 0, "1": 0, "2": 0}, "71": {"0": 0, "1": 0, "2": 0}, "72": {"0": -42.911365003022205, "1": -42.559943432859555, "2": -44.72255825383573}, "73": {"0": -60.26281306748553, "1": -61.834898001554635, "2": -62.25259946280997}, "74": {"0": -62.88575610993258, "1": -63.51965346834269, "2": -63.44826716966373}, "75": {"0": -64.39771017752797, "1": -64.5355831549268, "2": -64.5384743331008}, "76": {"0": -58.773299069762885, "1": -59.02879259067407, "2": -57.70517265623323}, "77": {"0": -55.7970373318001, "1": -55.31311636299542, "2": -54.69012383948244}, "78": {"0": -42.75113494326113, "1": -43.910795220096894, "2": -41.6891296667311}, "79": {"0": -2.0860133738957907, "1": -1.7638055736250717, "2": -1.7471194882951044}, "80": {"0": 0, "1": 0, "2": 0}, "81": {"0": 0, "1": 0, "2": 0}, "82": {"0": 0, "1": 0, "2": 0}, "83": {"0": -42.600954936009714, "1": -43.22712262366923, "2": -42.87765969026607}, "84": {"0": -59.876618658687576, "1": -60.119449092726555, "2": -59.80953485591869}, "85": {"0": -58.546823699436736, "1": -58.60325392001521, "2": -57.942373934121385}, "86": {"0": -53.659639786730494, "1": -53.668821988438765, "2": -53.369892913717166}, "87": {"0": -42.4797048800878, "1": -43.97755143333677, "2": -42.10124391565174}, "88": {"0": -30.22942251505845, "1": -30.687012853042795, "2": -29.187814284057705}, "89": {"0": 0, "1": 0, "2": 0}, "90": {"0": 0, "1": 0, "2": 0}, "91": {"0": 0, "1": 0, "2": 0}, "92": {"0": 0, "1": 0, "2": 0}, "93": {"0": 0, "1": 0, "2": 0}, "94": {"0": -32.462759072969845, "1": -31.83260485460779, "2": -31.17820078754324}, "95": {"0": -38.56240039597706, "1": -38.589546222020566, "2": -38.51645725437934}, "96": {"0": -37.93332793635566, "1": -37.97263880959006, "2": -37.93679502024872}, "97": {"0": -34.99421178732417, "1": -35.019161308346675, "2": -34.013101740688185}, "98": {"0": -24.51565961202398, "1": -24.663018723968758, "2": -24.489039761851267}, "99": {"0": 0, "1": 0, "2": 0}}