{"00": {"0": 0, "1": 0, "2": 0}, "01": {"0": 0, "1": 0, "2": 0}, "02": {"0": 0, "1": 0, "2": 0}, "03": {"0": 0, "1": 0, "2": 0}, "04": {"0": 0, "1": 0, "2": 0}, "05": {"0": 0, "1": 0, "2": 0}, "06": {"0": 0, "1": 0, "2": 0}, "07": {"0": 0, "1": 0, "2": 0}, "08": {"0": 0, "1": 0, "2": 0}, "09": {"0": 0, "1": 0, "2": 0}, "10": {"0": 0, "1": 0, "2": 0}, "11": {"0": -46.953604978690606, "1": -47.34190037439451, "2": -47.165768659111144}, "12": {"0": -57.71568580342373, "1": -57.55601802570621, "2": -57.72060961275668}, "13": {"0": -57.3872076339309, "1": -57.563396785034975, "2": -57.39645783475465}, "14": {"0": -56.98607266798523, "1": -57.05649782198979, "2": -56.88827085400757}, "15": {"0": -55.30365937136551, "1": -55.10702343053518, "2": -54.759354285577814}, "16": {"0": -53.57726572375955, "1": -53.499026708460605, "2": -53.287907029762856}, "17": {"0": -50.878160181157604, "1": -50.92760808883465, "2": -50.9019884473541}, "18": {"0": 0, "1": 0, "2": 0}, "19": {"0": 0, "1": 0, "2": 0}, "20": {"0": 0, "1": 0, "2": 0}, "21": {"0": -54.90235095858493, "1": -55.603646889402434, "2": -54.982613856631744}, "22": {"0": -59.54365077820885, "1": -59.44913311814251, "2": -59.517779757038596}, "23": {"0": -59.48052007193392, "1": -59.26802804354378, "2": -59.553175704757344}, "24": {"0": -60.22799378222732, "1": -59.97825186529581, "2": -60.02963809915013}, "25": {"0": -59.56193472735622, "1": -59.30850819580232, "2": -59.794342343635755}, "26": {"0": -57.208098714810795, "1": -57.051007880966445, "2": -55.93769175314748}, "27": {"0": -50.25768333145395, "1": -50.23308551524763, "2": -50.014700062673285}, "28": {"0": -48.276945362146535, "1": -48.328603163457714, "2": -48.292644192250194}, "29": {"0": 0, "1": 0, "2": 0}, "30": {"0": 0, "1": 0, "2": 0}, "31": {"0": -56.61884973913401, "1": -56.92345653080013, "2": -57.31409195754641}, "32": {"0": -60.76426956398372, "1": -60.82242452190742, "2": -60.838106170476244}, "33": {"0": -63.02495448548849, "1": -63.618410217294574, "2": -64.2380908085935}, "34": {"0": -66.61639200769741, "1": -66.59573250392582, "2": -66.616272532172}, "35": {"0": -67.17674389225394, "1": -67.19051834084459, "2": -67.394200427693}, "36": {"0": -65.77812879886591, "1": -65.41731846668844, "2": -64.12174494907052}, "37": {"0": -55.90511500608586, "1": -54.63852390915229, "2": -55.3433118555737}, "38": {"0": -48.674071212759365, "1": -48.697718491657106, "2": -48.689127211886046}, "39": {"0": -39.601754933628015, "1": -39.491009273424055, "2": -39.396863237527306}, "40": {"0": 0, "1": 0, "2": 0}, "41": {"0": -55.50948924364682, "1": -55.61739699852198, "2": -56.03826453195117}, "42": {"0": -59.78899974169504, "1": -60.09126791310975, "2": -60.39897421894871}, "43": {"0": -63.73381765740289, "1": -64.08642838377311, "2": -64.45814888557246}, "44": {"0": -67.83383356634752, "1": -68.15822069464357, "2": -68.61819670182867}, "45": {"0": -74.31676840339635, "1": -74.0333742075222, "2": -73.85871579310844}, "46": {"0": -71.10298778393933, "1": -70.92579899424791, "2": -70.30853972906515}, "47": {"0": -59.377601711194394, "1": -58.35040268336405, "2": -57.10009087456063}, "48": {"0": -48.53581395756008, "1": -48.56868462746834, "2": -48.545319683672616}, "49": {"0": -43.67906644324143, "1": -43.54674343916586, "2": -43.41616681895164}, "50": {"0": 0, "1": 0, "2": 0}, "51": {"0": -52.30637091062354, "1": -51.9274815610252, "2": -52.03920151162242}, "52": {"0": -58.67616235228992, "1": -58.76195809079265, "2": -58.89571600324271}, "53": {"0": -61.5017083616659, "1": -62.30179249395276, "2": -62.8396334358785}, "54": {"0": -67.15731829714616, "1": -67.7916235229799, "2": -67.98901247448438}, "55": {"0": -69.78820864511776, "1": -70.30485656022319, "2": -70.37021531882884}, "56": {"0": -70.47702175871466, "1": -70.61116470581011, "2": -70.79414909017616}, "57": {"0": -61.21761325639322, "1": -59.97804846948019, "2": -58.473337252291834}, "58": {"0": -49.13707088770663, "1": -48.810962608027296, "2": -48.69917448781023}, "59": {"0": -42.60980855578273, "1": -42.604820335202675, "2": -42.57606349542652}, "60": {"0": 0, "1": 0, "2": 0}, "61": {"0": -25.50598463182156, "1": -25.8858395376413, "2": -24.950291600767308}, "62": {"0": -58.34102340944699, "1": -58.5702068836862, "2": -58.46983247536719}, "63": {"0": -60.116737671054636, "1": -60.140351812317114, "2": -60.35875578291178}, "64": {"0": -62.74016355427037, "1": -63.065078310821896, "2": -63.84941931034834}, "65": {"0": -65.52190004836692, "1": -65.47162586848259, "2": -65.93879644020815}, "66": {"0": -63.64545207457458, "1": -63.27395612704339, "2": -63.11633268832993}, "67": {"0": -56.342145180604135, "1": -54.74982806812155, "2": -55.694839301037455}, "68": {"0": -48.704368093188826, "1": -49.137988065466644, "2": -48.70442035817253}, "69": {"0": -39.68659244865655, "1": -39.61167873359584, "2": -39.65784679665618}, "70": {"0": 0, "1": 0, "2": 0}, "71": {"0": 0, "1": 0, "2": 0}, "72": {"0": -43.34613074474993, "1": -42.735900850829246, "2": -43.00176006050527}, "73": {"0": -59.47117020414508, "1": -59.538703035864124, "2": -59.29726970634772}, "74": {"0": -60.553884476857135, "1": -60.464334194298736, "2": -60.473229760512616}, "75": {"0": -59.95298878887967, "1": -59.98981677685717, "2": -59.9109318213475}, "76": {"0": -56.104289740848365, "1": -56.241695167191274, "2": -56.04368992240292}, "77": {"0": -51.43954925119089, "1": -51.7544947936299, "2": -48.3745062087338}, "78": {"0": -39.21255639449038, "1": -41.99901651206061, "2": -39.12628120519019}, "79": {"0": -0.9332086089052839, "1": 0, "2": 0}, "80": {"0": 0, "1": 0, "2": 0}, "81": {"0": 0, "1": 0, "2": 0}, "82": {"0": 0, "1": 0, "2": 0}, "83": {"0": -43.66504424657782, "1": -43.135536520901674, "2": -42.922459857172996}, "84": {"0": -56.608867673673835, "1": -56.67921648702195, "2": -56.34360960022956}, "85": {"0": -55.39104093054833, "1": -55.94792282201948, "2": -55.949728714052426}, "86": {"0": -50.969650848054194, "1": -50.14291397782173, "2": -49.7243830886924}, "87": {"0": -39.935593049752725, "1": -40.429243269799315, "2": -37.6604125666635}, "88": {"0": -31.020565484218885, "1": -26.02410953247528, "2": -24.471735923037514}, "89": {"0": 0, "1": 0, "2": 0}, "90": {"0": 0, "1": 0, "2": 0}, "91": {"0": 0, "1": 0, "2": 0}, "92": {"0": 0, "1": 0, "2": 0}, "93": {"0": 0, "1": 0, "2": 0}, "94": {"0": -29.790929288464355, "1": -31.731411592944525, "2": -31.05525300487375}, "95": {"0": -39.880085628240224, "1": -40.09584408191582, "2": -39.84243914582314}, "96": {"0": -39.51674530823406, "1": -39.4970906625889, "2": -39.54403073013159}, "97": {"0": -32.086707883645936, "1": -31.933462910607254, "2": -31.572931081608036}, "98": {"0": -19.664437628796893, "1": -19.48432628621956, "2": -19.507457545914914}, "99": {"0": 0, "1": 0, "2": 0}}