{"00": {"0": 0, "1": 0, "2": 0}, "01": {"0": 0, "1": 0, "2": 0}, "02": {"0": 0, "1": 0, "2": 0}, "03": {"0": 0, "1": 0, "2": 0}, "04": {"0": 0, "1": 0, "2": 0}, "05": {"0": 0, "1": 0, "2": 0}, "06": {"0": 0, "1": 0, "2": 0}, "07": {"0": 0, "1": 0, "2": 0}, "08": {"0": 0, "1": 0, "2": 0}, "09": {"0": 0, "1": 0, "2": 0}, "10": {"0": 0, "1": 0, "2": 0}, "11": {"0": -44.91155759433369, "1": -44.51530085769562, "2": -44.25864276811305}, "12": {"0": -58.75245229022854, "1": -59.051291446523905, "2": -58.833945158871124}, "13": {"0": -59.95719606109902, "1": -59.90852151626664, "2": -59.946291710971465}, "14": {"0": -59.681659182425484, "1": -59.67375774444491, "2": -59.70717922952982}, "15": {"0": -59.258851885749515, "1": -59.44597003237498, "2": -59.3828754538697}, "16": {"0": -57.93364316228911, "1": -57.89125173203026, "2": -57.719569400809924}, "17": {"0": -55.3354162075497, "1": -55.32606755225588, "2": -55.41925383063844}, "18": {"0": 0, "1": 0, "2": 0}, "19": {"0": 0, "1": 0, "2": 0}, "20": {"0": 0, "1": 0, "2": 0}, "21": {"0": -55.24761269141446, "1": -56.118930210607566, "2": -55.56218048755006}, "22": {"0": -60.79812849099378, "1": -61.16198293872064, "2": -60.97651272263856}, "23": {"0": -62.4214024077164, "1": -62.42311273893187, "2": -62.56911889818092}, "24": {"0": -65.00622266097687, "1": -64.514045020686, "2": -65.13411739021426}, "25": {"0": -65.79136360416571, "1": -65.28813910320385, "2": -65.31454584124259}, "26": {"0": -62.55323402842224, "1": -63.292851194063, "2": -62.97681617482959}, "27": {"0": -56.09747953083141, "1": -56.28108475152628, "2": -56.221462057207}, "28": {"0": -52.899485694188925, "1": -53.17367287406868, "2": -52.88159378250558}, "29": {"0": 0, "1": 0, "2": 0}, "30": {"0": 0, "1": 0, "2": 0}, "31": {"0": -57.02705582128398, "1": -57.74240857404779, "2": -58.45066680752936}, "32": {"0": -62.97571302280845, "1": -63.324153440268006, "2": -63.073156864667254}, "33": {"0": -67.10116188155008, "1": -68.28892650927308, "2": -68.72510267598663}, "34": {"0": -72.22379455444005, "1": -72.94111621566113, "2": -73.48648210594521}, "35": {"0": -75.63908278103573, "1": -75.64156588834669, "2": -75.4405570920271}, "36": {"0": -71.74088937200936, "1": -71.51243860521778, "2": -71.03109608053335}, "37": {"0": -63.549822661998284, "1": -63.20546915254989, "2": -62.20446436479098}, "38": {"0": -55.88876855721634, "1": -55.89149764970548, "2": -55.81363817824353}, "39": {"0": -42.51558303851841, "1": -42.27238336807596, "2": -42.29047842717256}, "40": {"0": 0, "1": 0, "2": 0}, "41": {"0": -56.64223451965771, "1": -57.33586390438494, "2": -56.638965461979915}, "42": {"0": -62.66484044378743, "1": -63.132501647806265, "2": -63.4054716910029}, "43": {"0": -67.59392750988246, "1": -68.3406844985099, "2": -69.27466749179739}, "44": {"0": -74.81806708820734, "1": -75.27352508696248, "2": -76.08402391318668}, "45": {"0": -83.08974916617916, "1": -82.94521803268542, "2": -83.0611324318624}, "46": {"0": -77.47558636114795, "1": -76.70961164348347, "2": -76.58792081955156}, "47": {"0": -68.34022112910424, "1": -67.32805102771609, "2": -67.06440913245444}, "48": {"0": -56.73356588516057, "1": -56.804858752790096, "2": -55.49658299813234}, "49": {"0": -44.93807763205943, "1": -43.38726540414011, "2": -43.36818253919839}, "50": {"0": 0, "1": 0, "2": 0}, "51": {"0": -51.170240893426644, "1": -52.0889612666996, "2": -50.968417047202486}, "52": {"0": -62.25804873526852, "1": -61.21945361366275, "2": -62.28226354358969}, "53": {"0": -66.45886475874492, "1": -66.41321603138506, "2": -66.47122177703301}, "54": {"0": -71.58251698198956, "1": -72.20874709042616, "2": -72.13455753737068}, "55": {"0": -75.74534021594029, "1": -75.84518329882299, "2": -75.79084999765809}, "56": {"0": -74.09936219078726, "1": -74.17625535964693, "2": -73.99211127897638}, "57": {"0": -68.70547956241545, "1": -66.88366203048761, "2": -65.81917035148945}, "58": {"0": -57.36836161195314, "1": -57.85151368915116, "2": -57.33392275474397}, "59": {"0": -45.06809586297872, "1": -45.12365430595068, "2": -43.571424230946846}, "60": {"0": 0, "1": 0, "2": 0}, "61": {"0": -10.100823823189632, "1": -10.474622482424591, "2": -12.916549339042747}, "62": {"0": -60.63057287177598, "1": -60.57858673359966, "2": -60.608239625784414}, "63": {"0": -62.95830447062977, "1": -63.27258548095125, "2": -63.19323563335594}, "64": {"0": -66.12971140868176, "1": -66.43774288775968, "2": -66.40142148439054}, "65": {"0": -67.96794650848877, "1": -67.75092759845032, "2": -67.89364090222709}, "66": {"0": -65.75262033202173, "1": -65.77750020244113, "2": -65.51863301473318}, "67": {"0": -60.415291746074274, "1": -59.77627375297227, "2": -59.16752663580387}, "68": {"0": -56.44084050194368, "1": -56.450637103183006, "2": -53.99599568991591}, "69": {"0": -39.70310440408253, "1": -39.68859759343803, "2": -39.86093107347756}, "70": {"0": 0, "1": 0, "2": 0}, "71": {"0": 0, "1": 0, "2": 0}, "72": {"0": -42.31851497725608, "1": -41.778612088669945, "2": -41.976840962830245}, "73": {"0": -60.98419133730691, "1": -61.73696609733085, "2": -61.43712618330018}, "74": {"0": -63.166523539543974, "1": -63.05183141034922, "2": -63.05670381905513}, "75": {"0": -63.397246380442496, "1": -63.49801044373347, "2": -63.39280996531864}, "76": {"0": -59.772205617731345, "1": -58.61125883774265, "2": -59.09931666086201}, "77": {"0": -56.568805058946324, "1": -54.85746997419835, "2": -52.543277854249254}, "78": {"0": -43.137973926149115, "1": -43.56710668222856, "2": -43.0433651023669}, "79": {"0": 0, "1": 0, "2": 0}, "80": {"0": 0, "1": 0, "2": 0}, "81": {"0": 0, "1": 0, "2": 0}, "82": {"0": 0, "1": 0, "2": 0}, "83": {"0": -39.30245929302584, "1": -39.529155712407075, "2": -39.01322787692923}, "84": {"0": -57.78673440618348, "1": -57.33895456595411, "2": -57.694146670726255}, "85": {"0": -55.81388144915364, "1": -55.73902164590885, "2": -55.76225946004943}, "86": {"0": -50.89562114949804, "1": -49.774889621860865, "2": -49.89885237828283}, "87": {"0": -40.16321071864651, "1": -41.56886511003191, "2": -39.65777865694095}, "88": {"0": -32.71898426358398, "1": -32.400929694122404, "2": -32.44172056390966}, "89": {"0": 0, "1": 0, "2": 0}, "90": {"0": 0, "1": 0, "2": 0}, "91": {"0": 0, "1": 0, "2": 0}, "92": {"0": 0, "1": 0, "2": 0}, "93": {"0": 0, "1": 0, "2": 0}, "94": {"0": -25.371613560708113, "1": -25.802282847488964, "2": -24.98950635895016}, "95": {"0": -35.313539650942744, "1": -35.22903365820371, "2": -35.22466742585405}, "96": {"0": -38.22499316238979, "1": -38.48215539439858, "2": -38.52811057973998}, "97": {"0": -34.236879853832605, "1": -34.26464348192674, "2": -34.21996297683345}, "98": {"0": -23.79410197983264, "1": -23.833209595026155, "2": -23.813737758246464}, "99": {"0": 0, "1": 0, "2": 0}}